Workbook
Name PTA: Atores!$D$10
Name ITEC: Fatores!$E$22
Name FCAMB: Fatores!$G$36
Name Atores: Atores!$B$13:$C$17
Name PTUC: UC!$D$10
Name CUC: UC!$D$13:$D$29
Name _Toc112831755: #REF!
Name UC: UC!$A$12:$C$29
Name FCTEC: Fatores!$E$22

Sheet Geral
B3: Estimativa de Esforço de Projeto baseado em Pontos de Caso de Uso (vs 1.1)
B6: Projeto: | D6: RODAÊ
B7: Responsável: | D7: Sofia Ferreira de Oliveira
B8: Data: | D8: 45950 | F8: Vs. do Documento: | H8: 1.0
D9: < Obs.: As instruções para uso da planilha encontram-se logo a baixo>
B12: Resultado da Estimativa | G12: Esforço por fases | J12: Horas | K12: %
B13: Total de Pontos de Caso de Uso(tamanho) | E13: =Atores!D10+UC!D10 -> 176 | G13: Fase de Prospecção | J13: =$E$13*$E$14*K13 -> 24.64 | K13: =dadoshistoricos!E31 -> 0.046666667
B14: Homens/hora por PCU | E14: =dadoshistoricos!L30 -> 3 | G14: Fase de Análise | J14: =$E$13*$E$14*K14 -> 86.826667 | K14: =dadoshistoricos!F31*0.8 -> 0.16444444
G15: Fase de Projeto | J15: =$E$13*$E$14*K15 -> 21.706667 | K15: =dadoshistoricos!F31*0.2 -> 0.041111111
G16: Fase de Planejamento | J16: =$E$13*$E$14*K16 -> 35.2 | K16: =dadoshistoricos!G31 -> 0.066666667
G17: Fase de Desenvolvimento | J17: =$E$13*$E$14*K17 -> 293.33333 | K17: =dadoshistoricos!H31 -> 0.55555556
G18: Processo de Monitoramento e Controle | J18: =$E$13*$E$14*K18 -> 11.733333 | K18: =dadoshistoricos!I31 -> 0.022222222
G19: Fase de Fechamento | J19: =$E$13*$E$14*K19 -> 35.786667 | K19: =dadoshistoricos!J31 -> 0.067777778
B20: Instruções para realizar a estimativa do Projeto: | G20: Processo Controle de mudanças | J20: =$E$13*$E$14*K20 -> 18.773333 | K20: =dadoshistoricos!K31 -> 0.035555556
G21: Total de horas do Projeto | J21: =SUM(J13:J19) -> 509.22667 | K21: =SUM(K13:K20) -> 1
B22: 1) Preencha a Planilha Atores indicando os atores(usuários do sistema) e a sua complexidade.
B23: 2) Preencha a Planilha UC indicando os casos de uso e quantidade de transações.
B24: 3) Preencha a Planilha Fatores, com os fatores de complexidade ambiental e técnicos do Projeto.
B25: 4) Após a execução dos passos anteriores, os resultados finais encontram-se na Planilha Geral.
B27: Obs.:
B28: Existem informações ocultas na células que possuem marcação(pontos coloridos). Posicione o mouse sobre a celula para visualizar a informação.

Sheet Atores
B2: Atores do Projeto
B6: Complexidade do Ator | C6: Peso | D6: Qt. de Atores
B7: Simples | C7: 1 | D7: =COUNTIF(Atores,B7) -> 0
B8: Médio | C8: 2 | D8: =COUNTIF(Atores,B8) -> 1
B9: Complexo | C9: 3 | D9: =COUNTIF(Atores,B9) -> 3
C10: Peso Total Atores = | D10: =(C7*D7)+(C8*D8)+(C9*D9) -> 11
B13: Atores | C13: Complexidade
B14: Passageiro | C14: Complexo
B15: Motorista | C15: Complexo
B16: Administrador | C16: Complexo
B17: Sistema interno(notificacao) | C17: Médio
B18: Total | C18: =SUBTOTAL(103,C14:C17) -> 4

Sheet UC
B2: Casos de Uso do Projeto
B6: Complexidade do Caso de Uso | C6: Peso | D6: Qt. de UC
B7: Simples | C7: 5 | D7: =COUNTIF(CUC,B7) -> 5
B8: Médio | C8: 10 | D8: =COUNTIF(CUC,B8) -> 8
B9: Complexo | C9: 15 | D9: =COUNTIF(CUC,B9) -> 4
C10: Peso Total UC | D10: =(C7*D7)+(C8*D8)+(C9*D9) -> 165
A12: ID | B12: Nome do RFC ou RFS | C12: Nro Entidades | D12: Complexidade | E12: Discriminar Transações(opcional)
B13: [RFS01] Cadastrar Usuário | C13: 1 | D13: Simples | O13: 9
B14: [RFS02] Consultar Usuário | C14: 1 | D14: Simples | O14: 10
B15: [RFS03] Editar Usuário | C15: 1 | D15: Simples | O15: 11
B16: [RFS04] Excluir Usuário | C16: 1 | D16: Simples | O16: 12
B17: [RFS05] Cadastrar Corrida (Solicitar Corrida) | C17: 3 | D17: Complexo | O17: 13
B18: [RFS06] Consultar Corrida | C18: 2 | D18: Médio | O18: 14
B19: [RFS07] Editar Corrida | C19: 2 | D19: Médio | O19: 15
B20: [RFS08] Excluir Corrida (Cancelar Corrida) | C20: 2 | D20: Médio | O20: 16
B21: [RFS09] Registrar Pagamento | C21: 3 | D21: Complexo | O21: 17
B22: [RFS10] Consultar Transações | C22: 2 | D22: Médio | O22: 18
B23: [RFS11] Reembolsar Pagamento | C23: 3 | D23: Complexo | O23: 19
B24: [RFS12] Cadastrar Avaliação | C24: 3 | D24: Complexo | O24: 21
... B29: [RFS17] Relatórios | C29: 2 | D29: Médio | O29: 27
A30: Total | B30: =SUBTOTAL(103,B13:B29) -> 17 | O30: 36
O31: 37
O32: 38
O33: 39
O34: 40
O35: 41
O36: 42
O37: 43
O38: 44
O39: 45
O40: 46
O41: 47
O42: 48
... O993: 999

Sheet Fatores
B4: Fatores de Complexidade
B7: Influência Tecnológica
B8: ID | C8: Descrição | D8: Peso | E8: Influência
B9: T01 | C9: Sistemas Distribuídos | D9: 2 | E9: 4
B10: T02 | C10: Tempo de resposta | D10: 1 | E10: 4
B11: T03 | C11: Grau de escolaridade do usuário final | D11: 1 | E11: 3
B12: T04 | C12: Processamento interno complexo | D12: 1 | E12: 4
B13: T05 | C13: Reusabilidade do código em outras aplicações | D13: 1 | E13: 2
B14: T06 | C14: Facilidade de instalação | D14: 0.5 | E14: 2
B15: T07 | C15: Usabilidade (facilidade operacional) | D15: 0.5 | E15: 4
B16: T08 | C16: Portabilidade | D16: 2 | E16: 3
B17: T09 | C17: Facilidade de manutenção | D17: 1 | E17: 2
B18: T10 | C18: Concorrência | D18: 1 | E18: 4
B19: T11 | C19: Características especiais de segurança | D19: 1 | E19: 5
B20: T12 | C20: Acesso direto para terceiros | D20: 1 | E20: 3
B21: T13 | C21: Facilidades especiais de treinamento | D21: 1 | E21: 1
B22: Fator de Complexidade Técnica | E22: =0.6+(0.01*SUM(D9*E9,D10*E10,D11*E11,D12*E12,D13*E13,D14*E14,D15*E15,D16*E16,D17*E17,D18*E18,D19*E19,D20*E20,D21*E21)) -> 1.05
B26: Influência Ambiental
B27: ID | C27: Descrição | F27: Peso | G27: Influência
B28: F01 | C28: Familiaridade com o Processo de Desenvolvimento de Software | F28: 1.5 | G28: 4
B29: F02 | C29: Experiência na Aplicação | F29: 0.5 | G29: 3
B30: F03 | C30: Experiência em Programação Orientada a Objetos | F30: 1 | G30: 5
B31: F04 | C31: Capacidade do Líder de Projeto | F31: 0.5 | G31: 4
B32: F05 | C32: Motivação | F32: 1 | G32: 5
B33: F06 | C33: Requisitos estáveis | F33: 2 | G33: 3
B34: F07 | C34: Trabalhadores com dedicação parcial | F34: -1 | G34: 1
B35: F08 | C35: Dificuldade da Linguagem de Programação | F35: -1 | G35: 2
B36: Fator de Complexidade Ambiental | G36: =1.4+(-0.03*SUM(F28*G28,F29*G29,F30*G30,F31*G31,F32*G32,F33*G33,F34*G34,F35*G35)) -> 0.725

Sheet dadoshistoricos
B1: Base histórica de Projetos
B5: Projetos | C5: Tamanho | D5: Horas Reais | E5: Prospecção | F5: Análise e Projeto | G5: Planejamento | H5: Desenvolvimento | I5: Fechamento | J5: Mon.Controle | K5: Cont. Mud. | L5: Produtividade
B6: Projeto 01 | C6: 190 | D6: =SUM(E6:K6) -> 589 | E6: 25 | F6: 80 | G6: 25 | H6: 400 | I6: 10 | J6: 25 | K6: 24 | L6: =D6/C6 -> 3.1
B7: Projeto 02 | C7: 130 | D7: =SUM(E7:K7) -> 326 | E7: 20 | F7: 120 | G7: 30 | H7: 100 | I7: 10 | J7: 30 | K7: 16 | L7: =D7/C7 -> 2.5076923
B8: Projeto 03 | C8: 140 | D8: =SUM(E8:K8) -> 399 | E8: 17 | F8: 90 | G8: 32 | H8: 200 | I8: 12 | J8: 32 | K8: 16 | L8: =D8/C8 -> 2.85
B9: Projeto 04 | C9: 125 | D9: =SUM(E9:K9) -> 486 | E9: 22 | F9: 80 | G9: 33 | H9: 300 | I9: 8 | J9: 35 | K9: 8 | L9: =D9/C9 -> 3.888
B29: Total de horas por fase | D29: =SUM(D6:D28) -> 1800 | E29: =SUM(E6:E28) -> 84 | F29: =SUM(F6:F28) -> 370 | G29: =SUM(G6:G28) -> 120 | H29: =SUM(H6:H28) -> 1000 | I29: =SUM(I6:I28) -> 40 | J29: =SUM(J6:J28) -> 122 | K29: =SUM(K6:K28) -> 64
J30: Produtividade média | L30: 3
B31: % de esforço por fases | E31: =(E29*1)/$D$29 -> 0.046666667 | F31: =(F29*1)/$D$29 -> 0.20555556 | G31: =(G29*1)/$D$29 -> 0.066666667 | H31: =(H29*1)/$D$29 -> 0.55555556 | I31: =(I29*1)/$D$29 -> 0.022222222 | J31: =(J29*1)/$D$29 -> 0.067777778 | K31: =(K29*1)/$D$29 -> 0.035555556 | L31: =SUM(E31:K31) -> 1
